,clutchrating,companylogo,companyname,contact,email,employee,founded,location,services,title,websitelink
0, 4.9,https://appdevelopmentcompanies.co/front_assets/img/company-logo/hyperlink-infosystem.jpg,Hyperlink, +918000161161, info@hyperlinkinfosystem.com, 50 - 249, 2011, Indore ,,Top 10+ Mobile App Development Companies in Indore ,https://www.hyperlinkinfosystem.com/
1, 4.9,https://appdevelopmentcompanies.co/front_assets/img/company-logo/graffe.jpg,Graffersid, +919930230461, N/A, 10 - 49, 2017, Indore ,,Top 10+ Mobile App Development Companies in Indore ,https://graffersid.com/
2, N/A,https://appdevelopmentcompanies.co/front_assets/img/company-logo/ps.jpg,Parkhya, +919425350689, mail@parkhya.com, 50 - 249, 2011, Indore ,,Top 10+ Mobile App Development Companies in Indore ,https://www.parkhya.com/
3, 4.9,https://appdevelopmentcompanies.co/front_assets/img/company-logo/47billion_logo.png,47Billion, +917676458384, info@47billion.com, 50 - 249, 2014, Indore ,"Mobile App Development,Web Development,Ui Ux Design,Ai Development,Big Data,Data Analytics",Top 10+ Mobile App Development Companies in Indore ,https://47billion.com/
4, 4,https://appdevelopmentcompanies.co/front_assets/img/company-logo/mobileapps.jpg,MobileAppz, +18777788653, N/A, 10 - 49, 2010, Indore ,"Mobile App Development,Web Development,Ui Ux Design,Custom Software Development",Top 10+ Mobile App Development Companies in Indore ,http://mobileappz.in/
5, N/A,https://appdevelopmentcompanies.co/front_assets/img/company-logo/creative_thought_informatics.png,Creative, +917314009404, info@creativethoughtsinfo.com, 50 - 249, 2006, Indore ,"Mobile App Development,Web Development,E Commerce Development,Mobile App Marketing,Digital Marketing",Top 10+ Mobile App Development Companies in Indore ,https://www.creativethoughtsinfo.com/
6, 4.8,https://appdevelopmentcompanies.co/front_assets/img/company-logo/f5buddy.jpg,F5, +919131599323, contact@f5buddy.com, 10 - 49, 2014, Indore ,"Mobile App Development,Web Development,Web Design,E Commerce Development,Seo",Top 10+ Mobile App Development Companies in Indore ,https://www.f5buddy.com/
7, 4.4,https://appdevelopmentcompanies.co/front_assets/img/company-logo/cynexis.jpg,Cynexis, +16147635050, hello@cynexis.com, 50 - 249, 2009, Indore ,"Mobile App Development,Ui Ux Design,Web Design,Seo",Top 10+ Mobile App Development Companies in Indore ,https://www.cynexis.com/
8, N/A,https://appdevelopmentcompanies.co/front_assets/img/company-logo/workholics.jpg,Workholics, +918989495923, info@workholics.com, 10 - 49, 2016, Indore ,"Mobile App Development,Web Development,Ui Ux Design,Custom Software Development,Web Design,Seo",Top 10+ Mobile App Development Companies in Indore ,https://www.workholics.com/
9, 4.5mobile,https://appdevelopmentcompanies.co/front_assets/img/company-logo/mango.jpg,Mango, +917314044117, info@mangoitsolutions.in, 50 - 249, 2006, Indore ,"Mobile App Development,Iot App Development,Ui Ux Design,Custom Software Development,E Commerce Development,Seo",Top 10+ Mobile App Development Companies in Indore ,http://www.mangoitsolutions.com/
10, 4.9,https://appdevelopmentcompanies.co/front_assets/img/company-logo/hyperlink-infosystem.jpg,Hyperlink, +918000161161, info@hyperlinkinfosystem.com, 50 - 249, 2011, Indore ,"Mobile App Development,Web Development,Vr App Development,Unity 3d Game Development,Wearable App Development,Ui Ux Design,Web Design,Internet Of Things,Ai Development,Game Development",Top 10+ Mobile App Development Companies in Indore ,https://www.hyperlinkinfosystem.com/
11, 4.9,https://appdevelopmentcompanies.co/front_assets/img/company-logo/graffe.jpg,Graffersid, +919930230461, N/A, 10 - 49, 2017, Indore ,"Mobile App Development,Web Development,Ui Ux Design,Web Design",Top 10+ Mobile App Development Companies in Indore ,https://graffersid.com/
12, N/A,https://appdevelopmentcompanies.co/front_assets/img/company-logo/ps.jpg,Parkhya, +919425350689, mail@parkhya.com, 50 - 249, 2011, Indore ,"Mobile App Development,Web Development,Ui Ux Design,Web Design,E Commerce Development,Seo,Digital Strategy",Top 10+ Mobile App Development Companies in Indore ,https://www.parkhya.com/
13, 4.9,https://appdevelopmentcompanies.co/front_assets/img/company-logo/47billion_logo.png,47Billion, +917676458384, info@47billion.com, 50 - 249, 2014, Indore ,"Mobile App Development,Web Development,Ui Ux Design,Ai Development,Big Data,Data Analytics",Top 10+ Mobile App Development Companies in Indore ,https://47billion.com/
14, 4,https://appdevelopmentcompanies.co/front_assets/img/company-logo/mobileapps.jpg,MobileAppz, +18777788653, N/A, 10 - 49, 2010, Indore ,"Mobile App Development,Web Development,Ui Ux Design,Custom Software Development",Top 10+ Mobile App Development Companies in Indore ,http://mobileappz.in/
15, N/A,https://appdevelopmentcompanies.co/front_assets/img/company-logo/creative_thought_informatics.png,Creative, +917314009404, info@creativethoughtsinfo.com, 50 - 249, 2006, Indore ,"Mobile App Development,Web Development,E Commerce Development,Mobile App Marketing,Digital Marketing",Top 10+ Mobile App Development Companies in Indore ,https://www.creativethoughtsinfo.com/
16, 4.8,https://appdevelopmentcompanies.co/front_assets/img/company-logo/f5buddy.jpg,F5, +919131599323, contact@f5buddy.com, 10 - 49, 2014, Indore ,"Mobile App Development,Web Development,Web Design,E Commerce Development,Seo",Top 10+ Mobile App Development Companies in Indore ,https://www.f5buddy.com/
17, 4.4,https://appdevelopmentcompanies.co/front_assets/img/company-logo/cynexis.jpg,Cynexis, +16147635050, hello@cynexis.com, 50 - 249, 2009, Indore ,"Mobile App Development,Ui Ux Design,Web Design,Seo",Top 10+ Mobile App Development Companies in Indore ,https://www.cynexis.com/
18, N/A,https://appdevelopmentcompanies.co/front_assets/img/company-logo/workholics.jpg,Workholics, +918989495923, info@workholics.com, 10 - 49, 2016, Indore ,"Mobile App Development,Web Development,Ui Ux Design,Custom Software Development,Web Design,Seo",Top 10+ Mobile App Development Companies in Indore ,https://www.workholics.com/
19, 4.5mobile,https://appdevelopmentcompanies.co/front_assets/img/company-logo/mango.jpg,Mango, +917314044117, info@mangoitsolutions.in, 50 - 249, 2006, Indore ,"Mobile App Development,Iot App Development,Ui Ux Design,Custom Software Development,E Commerce Development,Seo",Top 10+ Mobile App Development Companies in Indore ,http://www.mangoitsolutions.com/
